{"cameraMode":{"drawMode":0,"name":"Shaded","section":"Shading Mode"},"sceneLighting":true,"audioPlay":false,"sceneViewState":{"m_AlwaysRefresh":false,"showFog":true,"showSkybox":true,"showFlares":true,"showImageEffects":true,"showParticleSystems":true,"showVisualEffectGraphs":true,"m_FxEnabled":true},"in2DMode":false,"pivot":{"x":17.83008575439453,"y":-72.42131042480469,"z":103.24893188476563},"rotation":{"x":-0.29966944456100466,"y":-0.06662570685148239,"z":0.020977580919861795,"w":-0.9514949321746826},"size":66.29764556884766,"orthographic":false}